,train,valid,valid_not_normal
mae,2.2966236883726956,6.870234804428067,11.747784544527532
mape,0.058384259884669616,0.15765469768695017,0.2602652788113853
mdae,1.4149353504180908,5.588834702968597,9.127987995743752
mdape,0.03550617687309589,0.12401279064878448,0.18874009162694455
r2,0.9536054145883606,0.66665102391094,0.2518316252332655
