,train,eval,eval_not_normal,transition,non_pathological,pathological,transition_long,non_pathological_long,pathological_long,transition_long_clean_age,non_pathological_long_clean_age,pathological_long_clean_age,lnp,lp,lnpp,lpnp,nlnp,nlp,nlnpp,nlpnp
mae,2.615672908299312,6.62487909517515,12.777017632331331,11.6801104849478,13.347510206755963,16.24029037094308,11.667529179621946,11.964580903821425,15.862324674626745,12.067332139830356,11.670002734410884,15.757180645758773,10.031912178371922,15.388693939082186,11.966636991733072,10.912748604063616,15.297837805347472,14.841406411338047,16.063494346688756,16.137932734078156
mape,0.064051934474302,0.167375105367805,0.2158473980307467,0.3990579709590068,2152790.8431123914,576476.4969721268,0.4023502849920437,2442876.18163766,583812.4680779983,0.3710977198106241,0.5507493968782003,0.3770737620150088,0.2644720795458927,0.3361501431887042,0.335631314957069,0.2913295573633503,0.5661595889661463,0.4764845534098237,0.548268487424796,0.5543383993169884
mdae,1.722053438425064,5.344972625374794,10.483452200889587,9.189653113484384,9.502610415033995,13.577914680043856,9.138975381851196,8.59333050251007,13.322787498434383,9.818133357912302,8.99194997549057,13.364317059516909,8.254623919725418,13.1560677587986,8.976775102317333,10.131839854021866,11.842231333255768,11.599829137325289,12.814650118350984,12.885384976863861
mdape,0.0412626884206635,0.1399587174890857,0.1927302962164893,0.2079123819349304,0.2247798399216801,0.251329006245697,0.2011417278674454,0.2058673267150957,0.2468304601306445,0.1989115707397339,0.2151394578984748,0.2476638786874121,0.1989065983327045,0.2407145732773849,0.1871338721225361,0.2288674173079153,0.22379385259794,0.2307847821941858,0.2552068380018943,0.25765511937298746
r2,0.9405899623879708,0.7177826339832676,0.1756302617646242,0.3109213234052657,0.1739389635048314,-0.0710806448248462,0.3066562579644172,0.2455068473430441,-0.0658975551867748,0.2233230868497391,0.1789665500700733,-0.1540589740044229,0.3218382199727764,-0.1548692016549537,0.1891517819745065,0.4018908204293872,0.0150249103158631,0.0835492666665819,-0.0961613051720193,-0.08390939804805253
