,train,eval,eval_not_normal,transition,non_pathological,pathological,transition_long,non_pathological_long,pathological_long,transition_long_clean_age,non_pathological_long_clean_age,pathological_long_clean_age,lnp,lp,lnpp,lpnp,nlnp,nlp,nlnpp,nlpnp
mae,2.575104399033032,6.168333959195818,13.13163024229454,11.767032431090756,13.073365250725445,16.321784695496152,11.571845971141627,11.644254749741568,15.80356218026794,12.01102423650297,11.38196536861421,15.6716180369206,9.562185738326743,15.538860836264124,12.512700961052808,11.155903131358654,14.991945214794876,14.962877553142404,15.207843033184128,15.36188545831082
mape,0.0626788969339686,0.156754085933218,0.2318161809929212,0.4001352348360755,2109595.6131973285,586283.2341035664,0.3953515651603882,2362911.5772671746,592274.8753704963,0.3657841695641742,0.541236640475552,0.3745155734031508,0.2428587383069957,0.3349482053287588,0.3398960096598492,0.2912321466180447,0.5685442112998119,0.4775281472229818,0.5389578206215602,0.5477086238205432
mdae,1.6546282470226288,5.215415731072426,11.748595952987673,9.81648893405994,9.390957390268644,13.58444269746542,9.580383886893586,8.257202949374914,13.033559614419936,9.720525078475475,8.874702915549278,12.924368798732758,7.822037070989609,12.924368798732758,10.615281708538532,10.03889161720872,11.153357394039633,11.559333950281143,11.515691116452215,11.762284815311432
mdape,0.0402000949921393,0.1278592879338195,0.1941648621350462,0.2093903445747116,0.2157333954008815,0.2577856262002925,0.206678712370181,0.1977922479691891,0.2486284474903213,0.2118518981255879,0.2118786879498423,0.2450411999253,0.1873498506709488,0.2455789309535194,0.213682888347657,0.2305018673106822,0.2254288847651697,0.2387136515723986,0.2408744032329211,0.24552801995179735
r2,0.9426144363605892,0.7554204141404627,0.1061869615257433,0.2955050095732098,0.1913919217821504,-0.0812007720167327,0.3221805573801776,0.2759500286080282,-0.0619016064281632,0.2475407062436269,0.2127598241441768,-0.1413323768905168,0.3999782534247416,-0.1676702548299526,0.1523455858420666,0.3623273022708403,0.0459110457474495,0.0690526019285985,0.0034955451483698,0.005865570159775957
