,train,eval,eval_not_normal,transition,non_pathological,pathological,transition_long,non_pathological_long,pathological_long,transition_long_clean_age,non_pathological_long_clean_age,pathological_long_clean_age,lnp,lp,lnpp,lpnp,nlnp,nlp,nlnpp,nlpnp
mae,2.8011720510972378,6.511409659022048,13.972656259218269,11.870476603977094,13.805946442517042,16.579102432498974,11.889080184663875,12.477590992150644,16.123462931203715,12.246701338580175,12.32583142116005,15.93258550376956,10.633583504759232,15.41990708544324,11.79403820430951,10.976919288564703,15.583826774429426,15.486863033736867,15.541033750042589,15.621578436939016
mape,0.0694693482306464,0.1672101189938178,0.2461208641620777,0.4217418731736619,2078949.5042055035,564196.6597432885,0.4247579421461002,2384211.8796182256,571530.2267651288,0.3918362369733882,0.575116497202927,0.386757329957993,0.2870666880549217,0.338923216646346,0.3331220250052863,0.3098406864172076,0.6016722499603646,0.5096236394912634,0.569248562520924,0.5758567307674831
mdae,1.8197281956672668,5.504274472594261,11.936586529016497,10.008375212550163,10.035945155968268,13.860127245144792,9.727145031094553,9.062646802514791,13.390289783477783,9.507980260252952,9.745418697595596,13.25783260166645,8.744011878967285,12.65132249891758,8.761860087513924,9.867180270453296,12.505819588899612,12.09917578101158,12.586033254861832,12.731673449277878
mdape,0.0444178918451816,0.1425873545726967,0.1983783623220063,0.2095629669112715,0.2297150140668796,0.2626525681297291,0.2012046790171862,0.2176529743538667,0.2529227834546678,0.2071435495021237,0.225296843032057,0.2515822511704901,0.2138981614399576,0.2420112181829515,0.1777370586812258,0.2089518616071482,0.2411220541477848,0.2416233479367637,0.2452004018865385,0.2543683881574339
r2,0.9344939015053436,0.7286789197111172,0.0178667293966668,0.3083868412416639,0.1401595673347242,-0.1246728526668548,0.310621316963342,0.2055692450124809,-0.1145685879399855,0.2264056654542717,0.0927269841395028,-0.1991384173689581,0.246892518981003,-0.1762049320094254,0.219679216336744,0.4042683196566663,-0.002154245144891,0.0103919380491214,-0.0469275086284393,-0.03646868860885766
