,train,eval,eval_not_normal,transition,non_pathological,pathological,transition_long,non_pathological_long,pathological_long,transition_long_clean_age,non_pathological_long_clean_age,pathological_long_clean_age,lnp,lp,lnpp,lpnp,nlnp,nlp,nlnpp,nlpnp
mae,2.736456958345494,6.596597332368368,13.556713018157316,11.907096308642569,13.377237154480548,16.329210115518116,11.77545418964048,11.963633612034617,15.8547228660394,12.508452717973125,11.798424923565408,15.779264994331406,9.75627327265734,15.248434205146868,13.165562501530031,11.357000419482272,15.825929592941288,15.176802242836908,15.93498633442108,16.04813567295896
mape,0.0676067151053331,0.1685568564197425,0.2339485126515357,0.404024573320178,2060368.666076057,586589.453501592,0.4039007662084165,2301575.818616749,596153.6727675371,0.379009460107434,0.5567210519320446,0.3763083205872845,0.2565897454463702,0.3306713569108017,0.3541793557620256,0.2973298440710888,0.5853015744777456,0.4857112482008143,0.5502848369481116,0.5570949171656885
mdae,1.7714139819145205,5.41812851279974,11.9920716881752,9.931666490104467,9.575598721702892,13.710532988939022,9.59821766614914,8.299710094928741,13.061130341142416,10.068917384743692,9.227831832443671,13.05167719721794,7.654832094907761,12.773384407162666,10.990334026515484,9.600436478853226,11.65135407447815,11.491359621286392,12.367689222097397,12.87460258603096
mdape,0.0420578553278996,0.1382337817577565,0.2082218174490519,0.2079292855665943,0.2281094223712609,0.2540462831158246,0.201637546768824,0.1998704494524288,0.2433757599506543,0.2166333885351291,0.2158617029132815,0.2461841522239509,0.1805259474530041,0.2406924980349892,0.2394838423882274,0.2235114388270433,0.2426195012047894,0.2346904352281014,0.2464527268971198,0.25507424401318857
r2,0.9363152836107128,0.7275360496925785,0.1088836397763908,0.2820858490302157,0.1692027264079988,-0.086349475741918,0.2928215147942886,0.2585204935318156,-0.0803905172725838,0.1902792919587045,0.147216000938551,-0.1758392981393652,0.3487932319073089,-0.1439451394326536,0.0921431067391191,0.3476744523177827,-0.0688707811678126,0.0283173184583787,-0.1152404415106245,-0.10494369563812378
