{"linear": [-0.36310181197536046, 15.374280445171014], "quadratic": [-0.004431773520303435, 0.05752921309654997, 6.582235069495847]}