{"t_low": -9.219088895674346, "t_high": 8.589625318405407}