,train,eval,eval_not_normal,transition,non_pathological,pathological,transition_long,non_pathological_long,pathological_long,transition_long_clean_age,non_pathological_long_clean_age,pathological_long_clean_age,lnp,lp,lnpp,lpnp,nlnp,nlp,nlnpp,nlpnp
mae,2.655288168818322,6.684414485580663,13.639679487297933,11.629250260556717,13.249276932337628,15.780051309670547,11.581441482471504,12.081907329992983,15.319585647350594,11.771459668883407,11.901823837507454,15.053949838260504,10.251663694683389,14.677714297786968,11.523567981777948,10.972179276066424,15.37940208604845,14.843141350278922,15.661688485448108,15.866483165343059
mape,0.0654037527376473,0.1706257612510677,0.2360837179660727,0.4127089211928208,2142069.209959886,623889.4620018391,0.4136170306900643,2439272.9278509207,589450.1540180139,0.373224090853322,0.5728923070736408,0.3719206593346376,0.2720845533499034,0.3268237510504497,0.3375698884299178,0.3004322034999232,0.5920840016698834,0.4947055440704782,0.5839757430917898,0.5907707150208208
mdae,1.7447288632392883,5.691516786813736,10.732988238334656,9.376899138092996,9.51791737724684,13.070355502267676,8.977344647049904,8.273044971128304,12.657780961266583,8.952281896024942,9.347995825111866,12.372210949659348,8.217097043991089,12.24012851715088,8.103148107727364,9.03753736242652,11.759390711784365,11.4522867500782,12.448842853307724,12.931104391813278
mdape,0.04229248372779,0.1360818633480149,0.2128581315565766,0.196842032679938,0.2212320679770363,0.239086932311606,0.1963591063913497,0.1961604354289321,0.231848014011009,0.1967316382810025,0.2112411277274257,0.2304626989842081,0.187359181366565,0.224120475451601,0.1707752722798529,0.1964384523921,0.2340238225379926,0.2277941643578163,0.2339997097560957,0.2418296928439318
r2,0.9391451073507122,0.7188164889602715,0.0506028491849501,0.3113698735028987,0.1781974857863251,-0.0246807538985391,0.3149311914539731,0.2373427885191482,-0.0083048813170021,0.2664594158597723,0.1653718415107737,-0.0682521631678323,0.3111658062520364,-0.0669769232047952,0.2158206832857558,0.3744796574814183,0.0072607561781081,0.0742515691952152,-0.0748325674149181,-0.07318899155257697
