,train,valid,valid_not_normal
mae,2.656872096549183,5.586299105107353,10.544938425574866
mape,0.06402935761966905,0.1410594405425014,0.1951994591511028
mdae,1.6407142877578735,4.26680651307106,8.70628297254443
mdape,0.039827136022742876,0.10238031915891799,0.16750396382422045
r2,0.9388819946420472,0.7737634458597702,0.270105693931457
