,train,valid,valid_not_normal
mae,2.375960078651051,6.437394944629605,11.430522564276488
mape,0.05903111341948259,0.14557049086505106,0.21584918832397063
mdae,1.4829089641571045,5.206189848482609,8.278423592448235
mdape,0.03627509564744363,0.1223455507812636,0.162745935221773
r2,0.9480668987397728,0.7306295792451452,0.2100638756267741
