,train,valid,valid_not_normal
mae,2.611321078503833,7.021663323274531,9.95752947320457
mape,0.06496049985631186,0.1867054176001371,0.19613592480755737
mdae,1.6942961812019348,5.808608807623386,7.025092855095863
mdape,0.04058760920237343,0.14712754250161403,0.1497067585592733
r2,0.9416188538085764,0.6855398030060327,0.37713478372390863
