,train,valid,valid_not_normal
mae,2.3466049064284324,6.648108923591286,11.23540772147122
mape,0.056537153158216905,0.1580661921076645,0.21053724206511773
mdae,1.5285121202468872,5.485102891921997,9.157837763428688
mdape,0.037550461622108074,0.12553480306541456,0.18056075672937058
r2,0.9524518342620477,0.7140779387510918,0.24001034041788194
